,Ladder score,Standard error of ladder score,upperwhisker,lowerwhisker,Logged GDP per capita,Social support,Healthy life expectancy,Freedom to make life choices,Generosity,Perceptions of corruption,Ladder score in Dystopia,Explained by: Log GDP per capita,Explained by: Social support,Explained by: Healthy life expectancy,Explained by: Freedom to make life choices,Explained by: Generosity,Explained by: Perceptions of corruption,Dystopia + residual
count,149.0,149.0,149.0,149.0,149.0,149.0,149.0,149.0,149.0,149.0,149.0,149.0,149.0,149.0,149.0,149.0,149.0,149.0
mean,5.532838926174497,0.05875167785234898,5.648006711409396,5.4176308724832225,9.432208053691276,0.8147449664429529,64.99279865771811,0.7915973154362417,-0.015134228187919463,0.7274496644295303,2.43,0.9771610738255032,0.7933154362416108,0.5201610738255034,0.4987114093959732,0.17804697986577178,0.13514093959731543,2.430328859060403
std,1.073923565823598,0.02200119961111103,1.0543296223939433,1.0948790526132375,1.1586014476640767,0.11488902720653997,6.76204309040431,0.11333178506605257,0.15065670021779698,0.17922631911280348,0.0,0.4047399409816952,0.2588712527557969,0.21301909783416687,0.13788838491066044,0.09827033422549317,0.11436138902230591,0.5376452090837568
min,2.523,0.026,2.596,2.449,6.635,0.463,48.478,0.382,-0.288,0.082,2.43,0.0,0.0,0.0,0.0,0.0,0.0,0.648
25%,4.852,0.043,4.991,4.706,8.541,0.75,59.802,0.718,-0.126,0.667,2.43,0.666,0.647,0.357,0.409,0.105,0.06,2.138
50%,5.534,0.054,5.625,5.413,9.569,0.832,66.603,0.804,-0.036,0.781,2.43,1.025,0.832,0.571,0.514,0.164,0.101,2.509
75%,6.255,0.07,6.344,6.128,10.421,0.905,69.6,0.877,0.079,0.845,2.43,1.323,0.996,0.665,0.603,0.239,0.174,2.794
max,7.842,0.173,7.904,7.78,11.647,0.983,76.953,0.97,0.542,0.939,2.43,1.751,1.172,0.897,0.716,0.541,0.547,3.482
